{
  "timestamp": "2026-07-10 01:12:32",
  "metrics": {
    "faithfulness": 0.9777777777777777,
    "answer_relevancy": 0.581806163191131,
    "context_precision": 0.9666666665699999,
    "context_recall": 0.9666666666666667
  }
}