{
  "timestamp": "2026-07-11 20:54:50",
  "metrics": {
    "faithfulness": 1.0,
    "answer_relevancy": 0.5800619742393885,
    "context_precision": 0.9666666665699999,
    "context_recall": 0.9666666666666667
  }
}